date,latitude,longitude,sst_C,front_C_per_km,current_u_ms,current_v_ms,current_speed_ms,pfz_class,pfz_label
10/9/2026,20.25,90.9167,29.992,0.0064,-0.19,-0.249,0.313,2,Strong PFZ
10/9/2026,20.25,91,29.895,0.0062,-0.154,-0.246,0.291,1,Moderate PFZ
10/9/2026,20.25,91.0833,29.739,0.0021,-0.143,-0.14,0.2,1,Moderate PFZ
10/9/2026,20.25,91.1667,30.003,0.0028,-0.203,0.07,0.215,1,Moderate PFZ
10/9/2026,20.25,91.25,29.847,0.0047,-0.273,0.092,0.289,1,Moderate PFZ
10/9/2026,20.25,91.3333,29.899,0.0084,-0.295,0.035,0.297,2,Strong PFZ
10/9/2026,20.25,91.4167,29.934,0.0067,-0.304,-0.081,0.315,2,Strong PFZ
10/9/2026,20.25,91.5,29.862,0.0027,-0.291,-0.255,0.387,2,Strong PFZ
10/9/2026,20.25,91.5833,29.846,0.0028,-0.235,-0.344,0.416,1,Moderate PFZ
10/9/2026,20.25,91.6667,29.84,0.0055,-0.157,-0.363,0.396,2,Strong PFZ
10/9/2026,20.25,91.75,29.88,0.0099,-0.078,-0.306,0.315,2,Strong PFZ
10/9/2026,20.25,91.8333,30.015,0.0126,-0.015,-0.225,0.225,2,Strong PFZ
10/9/2026,20.25,91.9167,30.19,0.0091,0.006,-0.162,0.163,1,Moderate PFZ
10/9/2026,20.25,92,30.182,0.009,-0.023,-0.179,0.181,1,Moderate PFZ
10/9/2026,20.25,92.0833,30.044,0.0077,-0.049,-0.157,0.164,1,Moderate PFZ
10/9/2026,20.25,92.1667,30.048,0.0041,-0.035,-0.122,0.127,0,No PFZ
10/9/2026,20.25,92.25,30.001,0.0032,-0.019,-0.083,0.085,0,No PFZ
10/9/2026,20.25,92.3333,30.015,0.0074,-0.011,-0.067,0.068,1,Moderate PFZ
10/9/2026,20.25,92.4167,30.086,0.0144,0.026,-0.169,0.171,1,Moderate PFZ
10/9/2026,20.25,92.5,30.254,0.0185,0.014,-0.336,0.336,2,Strong PFZ
10/9/2026,20.25,92.5833,30.377,0.0215,-0.032,-0.276,0.277,2,Strong PFZ
10/9/2026,20.25,92.6667,30.563,0.0175,-0.026,-0.166,0.169,2,Strong PFZ
10/9/2026,20.25,92.75,30.956,0.0053,-0.007,-0.167,0.167,1,Moderate PFZ
10/9/2026,20.3333,87.8333,30.13,0.001,0.162,-0.053,0.17,0,No PFZ
10/9/2026,20.3333,87.9167,30.196,0.0027,0.095,-0.13,0.161,0,No PFZ
10/9/2026,20.3333,88,30.058,0.0023,0.089,-0.196,0.216,0,No PFZ
10/9/2026,20.3333,88.0833,30.112,0.0041,0.089,-0.078,0.118,0,No PFZ
10/9/2026,20.3333,88.1667,30.189,0.0054,0.084,0.149,0.171,0,No PFZ
10/9/2026,20.3333,88.25,30.223,0.003,0.087,0.138,0.163,0,No PFZ
10/9/2026,20.3333,88.3333,30.206,0.0019,0.066,0.046,0.081,0,No PFZ
10/9/2026,20.3333,88.4167,30.231,0.0015,0.052,-0.079,0.095,0,No PFZ
10/9/2026,20.3333,88.5,30.226,0.0019,0.042,-0.233,0.237,0,No PFZ
10/9/2026,20.3333,88.5833,30.218,0.0029,0.025,-0.377,0.377,1,Moderate PFZ
10/9/2026,20.3333,88.6667,30.182,0.0027,0.008,-0.478,0.478,1,Moderate PFZ
10/9/2026,20.3333,88.75,30.205,0.0027,-0.012,-0.535,0.535,1,Moderate PFZ
10/9/2026,20.3333,88.8333,30.25,0.0024,-0.026,-0.57,0.571,2,Strong PFZ
10/9/2026,20.3333,91.3333,30.041,0.0088,-0.273,0.025,0.274,2,Strong PFZ
10/9/2026,20.3333,91.4167,29.991,0.0083,-0.283,-0.094,0.298,2,Strong PFZ
10/9/2026,20.3333,91.5,29.897,0.0076,-0.27,-0.265,0.378,2,Strong PFZ
10/9/2026,20.3333,91.5833,29.824,0.0035,-0.227,-0.389,0.451,2,Strong PFZ
10/9/2026,20.3333,91.6667,29.845,0.001,-0.168,-0.415,0.448,2,Strong PFZ
10/9/2026,20.3333,91.75,29.836,0.0076,-0.096,-0.351,0.363,2,Strong PFZ
10/9/2026,20.3333,91.8333,29.885,0.0168,-0.023,-0.225,0.226,2,Strong PFZ
10/9/2026,20.3333,91.9167,30.273,0.0144,0.021,-0.102,0.105,1,Moderate PFZ
10/9/2026,20.3333,92,30.319,0.0046,0.019,-0.108,0.11,1,Moderate PFZ
10/9/2026,20.3333,92.0833,30.164,0.0091,-0.01,-0.135,0.136,1,Moderate PFZ
10/9/2026,20.3333,92.1667,30.081,0.008,-0.011,-0.142,0.142,1,Moderate PFZ
10/9/2026,20.3333,92.25,30.103,0.0101,0.019,-0.114,0.115,1,Moderate PFZ
10/9/2026,20.3333,92.3333,30.088,0.015,0.053,-0.113,0.125,1,Moderate PFZ
10/9/2026,20.3333,92.4167,30.277,0.0185,0.054,-0.194,0.201,2,Strong PFZ
10/9/2026,20.3333,92.5,30.378,0.0182,0.016,-0.331,0.332,2,Strong PFZ
10/9/2026,20.3333,92.5833,30.458,0.0164,-0.004,-0.258,0.258,2,Strong PFZ
10/9/2026,20.3333,92.6667,30.673,0.0056,-0.01,-0.217,0.218,2,Strong PFZ
10/9/2026,20.3333,92.75,30.904,0.0224,-0.011,-0.159,0.16,1,Moderate PFZ
10/9/2026,20.4167,87.8333,30.157,0.003,0.18,0,0.18,0,No PFZ
10/9/2026,20.4167,87.9167,30.165,0.0042,0.101,-0.058,0.116,0,No PFZ
10/9/2026,20.4167,88,30.027,0.0033,0.099,-0.145,0.176,0,No PFZ
10/9/2026,20.4167,88.0833,30.046,0.0031,0.111,-0.125,0.167,0,No PFZ
10/9/2026,20.4167,88.1667,30.147,0.007,0.134,0.064,0.149,1,Moderate PFZ
10/9/2026,20.4167,88.25,30.233,0.0052,0.173,0.126,0.214,1,Moderate PFZ
10/9/2026,20.4167,88.3333,30.238,0.0018,0.19,0.061,0.199,0,No PFZ
10/9/2026,20.4167,88.4167,30.229,0.0008,0.192,-0.058,0.2,0,No PFZ
10/9/2026,20.4167,88.5,30.227,0.0013,0.18,-0.2,0.269,0,No PFZ
10/9/2026,20.4167,88.5833,30.257,0.0021,0.159,-0.335,0.371,1,Moderate PFZ
10/9/2026,20.4167,88.6667,30.225,0.0024,0.136,-0.429,0.45,1,Moderate PFZ
10/9/2026,20.4167,88.75,30.237,0.0024,0.109,-0.477,0.489,1,Moderate PFZ
10/9/2026,20.4167,88.8333,30.258,0.0022,0.085,-0.514,0.521,1,Moderate PFZ
10/9/2026,20.4167,88.9167,30.241,0.0071,0.085,-0.574,0.58,2,Strong PFZ
10/9/2026,20.4167,89,30.116,0.0092,0.098,-0.633,0.641,2,Strong PFZ
10/9/2026,20.4167,89.0833,30.021,0.0054,0.11,-0.636,0.646,2,Strong PFZ
10/9/2026,20.4167,89.1667,30.06,0.0027,0.115,-0.407,0.423,1,Moderate PFZ
10/9/2026,20.4167,89.25,30.02,0.0015,0.1,-0.192,0.217,0,No PFZ
10/9/2026,20.4167,89.3333,30.044,0.0017,0.07,-0.117,0.137,0,No PFZ
10/9/2026,20.4167,89.4167,30.089,0.0014,0.037,-0.152,0.156,0,No PFZ
10/9/2026,20.4167,89.5,30.116,0.006,0.006,-0.165,0.165,0,No PFZ
10/9/2026,20.4167,89.5833,29.91,0.0087,-0.019,-0.152,0.153,1,Moderate PFZ
10/9/2026,20.4167,89.6667,29.866,0.0074,-0.029,-0.18,0.182,1,Moderate PFZ
10/9/2026,20.4167,89.75,29.803,0.0062,-0.021,-0.186,0.187,1,Moderate PFZ
10/9/2026,20.4167,89.8333,29.849,0.0046,-0.02,-0.186,0.187,1,Moderate PFZ
10/9/2026,20.4167,89.9167,29.78,0.0081,-0.042,-0.17,0.175,1,Moderate PFZ
10/9/2026,20.4167,90,29.934,0.0166,-0.057,-0.077,0.096,1,Moderate PFZ
10/9/2026,20.4167,90.0833,30.207,0.0122,-0.059,-0.013,0.06,1,Moderate PFZ
10/9/2026,20.4167,90.1667,30.152,0.0033,-0.069,-0.026,0.074,0,No PFZ
10/9/2026,20.4167,90.25,30.149,0.0036,-0.092,-0.001,0.092,0,No PFZ
10/9/2026,21.3333,91,30.839,0.0256,-0.036,-0.096,0.102,1,Moderate PFZ
10/9/2026,21.3333,91.0833,30.586,0.0253,-0.035,-0.016,0.039,1,Moderate PFZ
10/9/2026,21.3333,91.1667,30.464,0.0179,0.001,-0.151,0.151,1,Moderate PFZ
10/9/2026,21.3333,91.25,30.475,0.0126,0.031,-0.147,0.15,1,Moderate PFZ
10/9/2026,21.3333,91.3333,30.382,0.0118,-0.004,-0.117,0.117,1,Moderate PFZ
10/9/2026,21.3333,91.4167,30.144,0.0089,-0.03,-0.133,0.136,1,Moderate PFZ
10/9/2026,21.3333,91.5,30.173,0.0042,-0.032,-0.065,0.073,0,No PFZ
10/9/2026,21.3333,91.5833,30.132,0.0009,-0.028,-0.085,0.089,0,No PFZ
10/9/2026,21.3333,91.6667,30.181,0.0077,0.022,-0.187,0.188,1,Moderate PFZ
10/9/2026,21.3333,91.75,30.261,0.0169,0.102,-0.356,0.371,2,Strong PFZ
10/9/2026,21.3333,91.8333,30.55,0.0191,0.171,-0.524,0.551,2,Strong PFZ
10/9/2026,21.3333,91.9167,30.688,0.0075,0.202,-0.403,0.451,2,Strong PFZ
10/9/2026,21.3333,92,30.734,0.0188,0.19,-0.357,0.404,2,Strong PFZ
10/9/2026,21.4167,87.8333,30.744,0.014,0.021,-0.013,0.025,1,Moderate PFZ
10/9/2026,21.4167,87.9167,30.822,0.0141,0.02,-0.009,0.022,1,Moderate PFZ
10/9/2026,21.4167,88,30.895,0.014,0.032,-0.013,0.034,1,Moderate PFZ
10/9/2026,21.4167,88.0833,30.936,0.0135,0.041,-0.013,0.043,1,Moderate PFZ
10/9/2026,21.4167,88.1667,30.995,0.0129,0.05,-0.02,0.054,1,Moderate PFZ
10/9/2026,21.4167,88.25,30.998,0.0105,0.055,-0.015,0.057,1,Moderate PFZ
10/9/2026,21.4167,88.3333,31.014,0.0084,0.051,-0.018,0.054,1,Moderate PFZ
10/9/2026,21.4167,88.4167,31.014,0.0055,0.077,-0.04,0.087,1,Moderate PFZ
10/9/2026,21.4167,88.5,30.95,0.0066,0.089,-0.021,0.091,1,Moderate PFZ
10/9/2026,21.4167,88.5833,31.016,0.017,0.122,-0.015,0.123,1,Moderate PFZ
10/9/2026,21.4167,88.6667,30.632,0.0267,0.177,0.059,0.187,2,Strong PFZ
10/9/2026,21.4167,88.75,30.706,0.0307,0.198,0.131,0.237,2,Strong PFZ
10/9/2026,21.4167,88.8333,30.522,0.028,0.266,0.058,0.272,2,Strong PFZ
10/9/2026,21.4167,88.9167,30.275,0.0224,0.322,-0.161,0.36,2,Strong PFZ
10/9/2026,21.4167,89,30.098,0.0128,0.299,-0.249,0.39,2,Strong PFZ
10/9/2026,21.4167,89.0833,30.024,0.0006,0.193,-0.2,0.277,1,Moderate PFZ
10/9/2026,21.4167,89.1667,30.067,0.0116,0.081,-0.077,0.112,1,Moderate PFZ
10/9/2026,21.4167,89.25,30.23,0.0157,0.039,-0.034,0.052,1,Moderate PFZ
10/9/2026,21.4167,89.3333,30.416,0.0134,0.044,-0.047,0.065,1,Moderate PFZ
10/9/2026,21.4167,89.4167,30.421,0.0152,0.029,-0.095,0.1,1,Moderate PFZ
10/9/2026,21.4167,89.5,30.307,0.0199,-0.025,-0.165,0.167,1,Moderate PFZ
10/9/2026,21.4167,89.5833,30.175,0.0184,-0.109,-0.142,0.179,1,Moderate PFZ
10/9/2026,21.4167,89.6667,30.172,0.0162,-0.185,-0.091,0.206,1,Moderate PFZ
10/9/2026,21.4167,89.75,30.206,0.0159,-0.184,-0.067,0.196,1,Moderate PFZ
10/9/2026,21.4167,89.8333,30.27,0.0174,-0.149,-0.077,0.167,1,Moderate PFZ
10/9/2026,21.4167,89.9167,30.381,0.0197,-0.093,-0.081,0.124,1,Moderate PFZ
10/9/2026,21.4167,90,30.492,0.02,-0.048,-0.072,0.087,1,Moderate PFZ
10/9/2026,21.4167,90.0833,30.488,0.0197,-0.001,-0.059,0.059,1,Moderate PFZ
10/9/2026,21.4167,90.1667,30.306,0.0186,-0.044,-0.154,0.16,1,Moderate PFZ
10/9/2026,21.4167,90.25,30.565,0.0185,-0.075,-0.057,0.094,1,Moderate PFZ
10/9/2026,21.4167,90.3333,30.571,0.0199,-0.028,-0.095,0.099,1,Moderate PFZ
10/9/2026,21.4167,90.4167,30.671,0.02,-0.018,-0.08,0.082,1,Moderate PFZ
10/9/2026,21.4167,90.5,30.806,0.017,-0.004,-0.092,0.092,1,Moderate PFZ
10/9/2026,21.4167,90.5833,30.928,0.0127,0.003,-0.104,0.104,1,Moderate PFZ
10/9/2026,21.4167,90.6667,31.019,0.0098,0.004,-0.117,0.117,1,Moderate PFZ
10/9/2026,21.4167,90.75,31.093,0.0092,0.006,-0.139,0.139,1,Moderate PFZ
10/9/2026,21.4167,90.8333,31.123,0.01,0.009,-0.153,0.154,1,Moderate PFZ
10/9/2026,21.4167,90.9167,31.102,0.012,0.01,-0.153,0.153,1,Moderate PFZ
10/9/2026,21.4167,91,31.026,0.0163,-0.035,-0.169,0.173,1,Moderate PFZ
10/9/2026,21.4167,91.0833,31.032,0.0243,-0.061,-0.084,0.104,1,Moderate PFZ
10/9/2026,21.4167,91.1667,30.623,0.0264,-0.015,-0.149,0.15,1,Moderate PFZ
10/9/2026,21.4167,91.25,30.49,0.0221,0.009,-0.108,0.109,1,Moderate PFZ
10/9/2026,21.4167,91.3333,30.364,0.0186,-0.027,-0.086,0.091,1,Moderate PFZ
10/9/2026,21.4167,91.4167,30.224,0.0146,-0.05,-0.151,0.159,1,Moderate PFZ
10/9/2026,21.4167,91.5,30.214,0.0109,-0.031,-0.157,0.16,1,Moderate PFZ
10/9/2026,21.4167,91.5833,30.184,0.0082,0.005,-0.127,0.127,1,Moderate PFZ
10/9/2026,21.4167,91.6667,30.192,0.0077,0.063,-0.209,0.218,1,Moderate PFZ
10/9/2026,21.4167,91.75,30.27,0.0186,0.112,-0.39,0.406,2,Strong PFZ
10/9/2026,21.4167,91.8333,30.619,0.0191,0.161,-0.542,0.566,2,Strong PFZ
10/9/2026,21.4167,91.9167,30.8,0.0041,0.197,-0.469,0.509,2,Strong PFZ
10/9/2026,21.4167,92,30.819,0.0247,0.2,-0.377,0.427,2,Strong PFZ
10/9/2026,21.5,87.8333,30.863,0.0142,0.012,-0.006,0.013,1,Moderate PFZ
10/9/2026,21.5,87.9167,30.938,0.0137,0.014,-0.007,0.015,1,Moderate PFZ
10/9/2026,21.5,88,31.005,0.0139,0.026,-0.01,0.028,1,Moderate PFZ
10/9/2026,21.5,88.0833,31.033,0.0152,0.032,-0.017,0.037,1,Moderate PFZ
10/9/2026,21.5,88.1667,31.146,0.0121,0.046,-0.026,0.053,1,Moderate PFZ
10/9/2026,21.5,88.25,31.105,0.0028,0.056,-0.022,0.06,1,Moderate PFZ
10/9/2026,21.5,88.3333,31.119,0.0073,0.065,-0.023,0.069,1,Moderate PFZ
10/9/2026,21.5,88.4167,31.072,0.0144,0.16,-0.033,0.164,1,Moderate PFZ
10/9/2026,21.5,88.5,30.944,0.0207,0.206,-0.027,0.208,1,Moderate PFZ
10/9/2026,21.5,88.5833,31.176,0.0293,0.234,-0.008,0.234,2,Strong PFZ
10/9/2026,21.5,88.6667,30.152,0.037,0.342,-0.033,0.344,2,Strong PFZ
10/9/2026,21.5,88.75,30.047,0.0284,0.403,0.043,0.405,2,Strong PFZ
10/9/2026,21.5,88.8333,30.057,0.0211,0.4,-0.072,0.407,2,Strong PFZ
10/9/2026,21.5,88.9167,30.018,0.0112,0.386,-0.094,0.397,2,Strong PFZ
10/9/2026,21.5,89,29.974,0.0018,0.289,-0.137,0.32,2,Strong PFZ
10/9/2026,21.5,89.0833,30.034,0.0161,0.137,-0.022,0.139,1,Moderate PFZ
10/9/2026,21.5,89.1667,30.147,0.0232,0.074,-0.011,0.075,1,Moderate PFZ
10/9/2026,21.5,89.25,30.296,0.0226,0.061,-0.018,0.064,1,Moderate PFZ
10/9/2026,21.5,89.3333,30.449,0.0194,0.056,-0.027,0.062,1,Moderate PFZ
10/9/2026,21.5,89.4167,30.572,0.0174,0.024,-0.022,0.032,1,Moderate PFZ
10/9/2026,21.5,89.5,30.702,0.0205,0.017,-0.006,0.018,1,Moderate PFZ
10/9/2026,21.5,89.5833,30.431,0.0243,-0.034,-0.131,0.135,1,Moderate PFZ
10/9/2026,21.5,89.6667,30.439,0.0248,-0.09,-0.116,0.147,1,Moderate PFZ
10/9/2026,21.5,89.75,30.434,0.0237,-0.065,-0.131,0.146,1,Moderate PFZ
10/9/2026,21.5,89.8333,30.451,0.0217,-0.054,-0.133,0.143,1,Moderate PFZ
10/9/2026,21.5,89.9167,30.582,0.0195,-0.042,-0.12,0.127,1,Moderate PFZ
10/9/2026,21.5,90,30.648,0.0168,-0.02,-0.088,0.09,1,Moderate PFZ
10/9/2026,21.5,90.0833,30.675,0.0169,0.008,-0.057,0.058,1,Moderate PFZ
10/9/2026,21.5,90.1667,30.607,0.0179,-0.01,-0.129,0.13,1,Moderate PFZ
10/9/2026,21.5,90.25,30.701,0.0166,-0.037,-0.08,0.088,1,Moderate PFZ
10/9/2026,21.5,90.3333,30.775,0.016,-0.027,-0.069,0.075,1,Moderate PFZ
10/9/2026,21.5,90.4167,30.844,0.0142,-0.013,-0.06,0.062,1,Moderate PFZ
10/9/2026,21.5,90.5,30.889,0.0105,0.002,-0.051,0.051,1,Moderate PFZ
10/9/2026,21.5,90.5833,30.912,0.007,0.011,-0.049,0.05,0,No PFZ
10/9/2026,21.5,90.6667,30.927,0.0048,0.018,-0.05,0.053,0,No PFZ
10/9/2026,21.5,90.75,30.947,0.0036,0.024,-0.051,0.056,0,No PFZ
10/9/2026,21.5,90.8333,30.983,0.0025,0.032,-0.047,0.057,0,No PFZ
10/9/2026,21.5,90.9167,31.02,0.0025,0.046,-0.044,0.064,0,No PFZ
10/9/2026,21.5,91,31.01,0.0048,0.025,-0.103,0.106,0,No PFZ
10/9/2026,21.5,91.0833,31.097,0.0131,-0.007,-0.106,0.107,1,Moderate PFZ
10/9/2026,21.5,91.1667,30.891,0.0235,-0.015,-0.142,0.143,1,Moderate PFZ
10/9/2026,21.5,91.25,30.714,0.0277,-0.025,-0.066,0.07,1,Moderate PFZ
10/9/2026,21.5,91.3333,30.537,0.0273,-0.036,-0.004,0.036,1,Moderate PFZ
10/9/2026,21.5,91.4167,30.446,0.0217,-0.023,-0.116,0.119,1,Moderate PFZ
10/9/2026,21.5,91.5,30.443,0.0156,0.006,-0.152,0.153,1,Moderate PFZ
10/9/2026,21.5,91.5833,30.4,0.0106,0.028,-0.121,0.124,1,Moderate PFZ
10/9/2026,21.5,91.6667,30.29,0.0043,0.062,-0.194,0.204,1,Moderate PFZ
10/9/2026,21.5,91.75,30.295,0.015,0.084,-0.397,0.406,2,Strong PFZ
10/9/2026,21.5,91.8333,30.65,0.0116,0.109,-0.547,0.558,2,Strong PFZ
10/9/2026,21.5,91.9167,30.838,0.0194,0.16,-0.535,0.559,2,Strong PFZ
10/9/2026,21.5833,87.8333,31.017,0.0056,0.018,0.005,0.019,0,No PFZ
10/9/2026,21.5833,87.9167,31.042,0.01,0.02,0.006,0.021,1,Moderate PFZ
10/9/2026,21.5833,88,31.09,0.0141,0.023,-0.004,0.023,1,Moderate PFZ
10/9/2026,21.5833,88.0833,31.175,0.0146,0.021,-0.022,0.031,1,Moderate PFZ
10/9/2026,21.5833,88.1667,31.38,0.0092,0.037,-0.04,0.054,1,Moderate PFZ
10/9/2026,21.5833,88.25,31.292,0.0272,0.056,-0.03,0.064,1,Moderate PFZ
10/9/2026,21.5833,88.3333,31.206,0.0361,0.073,-0.026,0.078,1,Moderate PFZ
10/9/2026,21.5833,88.4167,31.277,0.0331,0.124,-0.028,0.127,1,Moderate PFZ
10/9/2026,21.5833,88.5833,31.031,0.0192,0.244,-0.108,0.267,2,Strong PFZ
10/9/2026,21.5833,88.6667,30.184,0.0281,0.303,-0.032,0.304,2,Strong PFZ
10/9/2026,21.5833,88.75,30.043,0.0177,0.356,-0.101,0.37,2,Strong PFZ
10/9/2026,21.5833,88.8333,29.973,0.0046,0.313,-0.089,0.326,2,Strong PFZ
10/9/2026,21.5833,88.9167,30.058,0.0059,0.24,-0.088,0.256,2,Strong PFZ
10/9/2026,21.5833,89,30.096,0.0179,0.16,-0.069,0.174,1,Moderate PFZ
10/9/2026,21.5833,89.0833,30.264,0.0278,0.063,-0.093,0.112,1,Moderate PFZ
10/9/2026,21.5833,89.1667,30.422,0.0267,0.035,-0.102,0.108,1,Moderate PFZ
10/9/2026,21.5833,89.25,30.536,0.0198,0.042,-0.05,0.065,1,Moderate PFZ
10/9/2026,21.5833,89.3333,30.643,0.0139,0.033,-0.08,0.087,1,Moderate PFZ
10/9/2026,21.5833,89.4167,30.7,0.0087,0.025,-0.057,0.062,1,Moderate PFZ
10/9/2026,21.5833,89.5,30.754,0.0067,0.006,-0.015,0.017,1,Moderate PFZ
10/9/2026,21.5833,89.5833,30.775,0.0103,-0.027,-0.051,0.058,1,Moderate PFZ
10/9/2026,21.5833,89.6667,30.802,0.0139,-0.031,-0.063,0.07,1,Moderate PFZ
10/9/2026,21.5833,89.75,30.774,0.0176,-0.002,-0.095,0.095,1,Moderate PFZ
10/9/2026,21.5833,89.8333,30.736,0.0171,0.001,-0.11,0.11,1,Moderate PFZ
10/9/2026,21.5833,89.9167,30.753,0.0139,-0.009,-0.082,0.083,1,Moderate PFZ
10/9/2026,21.5833,90,30.775,0.0112,-0.006,-0.067,0.067,1,Moderate PFZ
10/9/2026,21.5833,90.0833,30.787,0.0109,0.006,-0.06,0.061,1,Moderate PFZ
10/9/2026,21.5833,90.1667,30.781,0.0122,0.005,-0.079,0.079,1,Moderate PFZ
10/9/2026,21.5833,90.25,30.811,0.0116,0,-0.059,0.059,1,Moderate PFZ
10/9/2026,21.5833,90.3333,30.864,0.0108,0.008,-0.039,0.04,1,Moderate PFZ
10/9/2026,21.5833,90.4167,30.921,0.0092,0.02,-0.032,0.038,0,No PFZ
10/9/2026,21.5833,90.5,30.973,0.007,0.027,-0.029,0.039,0,No PFZ
10/9/2026,21.5833,90.5833,30.998,0.0053,0.027,-0.029,0.039,0,No PFZ
10/9/2026,21.5833,90.6667,31.017,0.0044,0.025,-0.031,0.04,0,No PFZ
10/9/2026,21.5833,90.75,31.032,0.0035,0.023,-0.032,0.039,0,No PFZ
10/9/2026,21.5833,90.8333,31.037,0.0024,0.024,-0.03,0.038,0,No PFZ
10/9/2026,21.5833,90.9167,31.041,0.0017,0.029,-0.028,0.04,0,No PFZ
10/9/2026,21.5833,91,31.033,0.0016,0.035,-0.04,0.053,0,No PFZ
10/9/2026,21.5833,91.0833,31.093,0.003,0.031,-0.057,0.065,0,No PFZ
10/9/2026,21.5833,91.1667,31.094,0.0108,0.004,-0.092,0.092,0,No PFZ
10/9/2026,21.5833,91.25,31.045,0.0196,-0.022,-0.062,0.066,1,Moderate PFZ
10/9/2026,21.5833,91.3333,30.961,0.026,-0.032,-0.022,0.039,1,Moderate PFZ
10/9/2026,21.5833,91.4167,30.631,0.0239,-0.003,-0.12,0.12,1,Moderate PFZ
10/9/2026,21.5833,91.5,30.537,0.0172,0.037,-0.15,0.155,1,Moderate PFZ
10/9/2026,21.5833,91.5833,30.434,0.0119,0.036,-0.106,0.112,1,Moderate PFZ
10/9/2026,21.5833,91.6667,30.236,0.0015,0.03,-0.147,0.15,1,Moderate PFZ
10/9/2026,21.5833,91.75,30.311,0.0104,0.036,-0.383,0.384,2,Strong PFZ
10/9/2026,21.5833,91.8333,30.667,0.0048,0.057,-0.528,0.531,2,Strong PFZ
10/9/2026,21.6667,87.8333,31.209,0.0277,0.014,0.007,0.016,1,Moderate PFZ
10/9/2026,21.6667,87.9167,31.163,0.0159,0.02,0.016,0.026,1,Moderate PFZ
10/9/2026,21.6667,88,31.187,0.0141,0.017,0.008,0.019,1,Moderate PFZ
10/9/2026,21.6667,88.0833,31.332,0.0111,0.015,-0.009,0.018,1,Moderate PFZ
10/9/2026,21.6667,88.1667,31.53,0.0351,0.029,-0.019,0.034,1,Moderate PFZ
10/9/2026,21.6667,88.6667,30.405,0.0276,0.228,-0.29,0.368,2,Strong PFZ
10/9/2026,21.6667,88.8333,30.028,0.0079,0.303,-0.15,0.338,1,Moderate PFZ
10/9/2026,21.6667,88.9167,30.134,0.0101,0.222,-0.086,0.238,1,Moderate PFZ
10/9/2026,21.6667,89.0833,30.967,0.0227,-0.014,-0.102,0.103,1,Moderate PFZ
10/9/2026,21.6667,89.1667,31.096,0.0112,-0.019,-0.104,0.105,1,Moderate PFZ
10/9/2026,21.6667,89.25,30.941,0.0112,0.006,-0.095,0.095,1,Moderate PFZ
10/9/2026,21.6667,89.3333,31.003,0.0154,-0.005,-0.074,0.074,1,Moderate PFZ
10/9/2026,21.6667,89.4167,30.959,0.0186,-0.01,-0.054,0.055,1,Moderate PFZ
10/9/2026,21.6667,89.5,30.91,0.0202,-0.014,-0.038,0.041,1,Moderate PFZ
10/9/2026,21.6667,89.5833,30.901,0.0193,-0.016,-0.042,0.045,1,Moderate PFZ
10/9/2026,21.6667,89.6667,30.903,0.0155,0.001,-0.054,0.054,1,Moderate PFZ
10/9/2026,21.6667,89.75,30.874,0.0064,0.022,-0.027,0.035,1,Moderate PFZ
10/9/2026,21.6667,89.8333,30.831,0.0031,0.026,-0.035,0.043,1,Moderate PFZ
10/9/2026,21.6667,89.9167,30.814,0.007,0.02,-0.036,0.041,0,No PFZ
10/9/2026,21.6667,90,30.825,0.0056,0.02,-0.037,0.043,0,No PFZ
10/9/2026,21.6667,90.0833,30.845,0.0013,0.027,-0.03,0.041,0,No PFZ
10/9/2026,21.6667,90.1667,30.862,0.0031,0.034,-0.03,0.045,0,No PFZ
10/9/2026,21.6667,90.25,30.882,0.004,0.04,-0.021,0.045,0,No PFZ
10/9/2026,21.6667,90.3333,30.916,0.006,0.041,-0.015,0.044,0,No PFZ
10/9/2026,21.6667,90.4167,30.952,0.0065,0.037,-0.015,0.04,0,No PFZ
10/9/2026,21.6667,90.5,30.986,0.0055,0.032,-0.015,0.036,0,No PFZ
10/9/2026,21.6667,90.5833,31.015,0.0049,0.028,-0.016,0.032,0,No PFZ
10/9/2026,21.6667,90.6667,31.045,0.0045,0.023,-0.019,0.03,0,No PFZ
10/9/2026,21.6667,90.75,31.066,0.0036,0.021,-0.023,0.031,0,No PFZ
10/9/2026,21.6667,90.8333,31.068,0.0027,0.023,-0.023,0.033,0,No PFZ
10/9/2026,21.6667,90.9167,31.062,0.002,0.027,-0.022,0.035,0,No PFZ
10/9/2026,21.6667,91,31.054,0.0007,0.029,-0.022,0.036,0,No PFZ
10/9/2026,21.6667,91.0833,31.043,0.0011,0.027,-0.025,0.037,0,No PFZ
10/9/2026,21.6667,91.1667,31.087,0.0011,0.017,-0.034,0.038,0,No PFZ
10/9/2026,21.6667,91.25,31.102,0.0066,0.006,-0.033,0.034,0,No PFZ
10/9/2026,21.6667,91.3333,31.091,0.0179,0.005,-0.064,0.065,1,Moderate PFZ
10/9/2026,21.6667,91.4167,30.737,0.024,0.046,-0.144,0.152,1,Moderate PFZ
10/9/2026,21.6667,91.5,30.553,0.0214,0.081,-0.177,0.195,2,Strong PFZ
10/9/2026,21.6667,91.5833,30.368,0.0141,0.034,-0.063,0.071,1,Moderate PFZ
10/9/2026,21.6667,91.6667,30.203,0.0044,-0.017,-0.093,0.094,1,Moderate PFZ
10/9/2026,21.6667,91.75,30.39,0.0094,-0.019,-0.37,0.37,2,Strong PFZ
10/9/2026,21.6667,91.8333,30.65,0.0069,0.001,-0.538,0.538,2,Strong PFZ
10/9/2026,21.75,87.9167,31.284,0.0475,0.016,0.014,0.021,1,Moderate PFZ
10/9/2026,21.75,88,31.294,0.0298,0.013,0.016,0.021,1,Moderate PFZ
10/9/2026,21.75,88.0833,31.444,0.0056,0.01,-0.007,0.012,1,Moderate PFZ
10/9/2026,21.75,88.1667,31.578,0.0498,0.015,-0.014,0.021,1,Moderate PFZ
10/9/2026,21.75,88.5,31.949,0.0272,0.024,-0.248,0.249,1,Moderate PFZ
10/9/2026,21.75,88.5833,31.59,0.0126,0.024,-0.293,0.293,1,Moderate PFZ
10/9/2026,21.75,88.6667,31.158,0.033,0.065,-0.292,0.3,1,Moderate PFZ
10/9/2026,21.75,89.75,30.965,0.0306,0.029,-0.029,0.041,1,Moderate PFZ
10/9/2026,21.75,89.8333,30.913,0.0197,0.031,-0.024,0.039,1,Moderate PFZ
10/9/2026,21.75,89.9167,30.877,0.0062,0.032,-0.013,0.035,0,No PFZ
10/9/2026,21.75,90,30.88,0.0056,0.036,-0.022,0.042,0,No PFZ
10/9/2026,21.75,90.0833,30.903,0.0175,0.042,-0.028,0.05,0,No PFZ
10/9/2026,21.75,90.1667,30.951,0.0248,0.043,-0.027,0.051,0,No PFZ
10/9/2026,21.75,90.25,30.979,0.0234,0.045,-0.015,0.048,1,Moderate PFZ
10/9/2026,21.75,90.3333,30.986,0.0135,0.042,-0.001,0.042,1,Moderate PFZ
10/9/2026,21.75,90.4167,30.987,0.0074,0.036,-0.002,0.036,0,No PFZ
10/9/2026,21.75,90.5,30.994,0.0081,0.031,-0.006,0.032,0,No PFZ
10/9/2026,21.75,90.5833,31.014,0.0083,0.028,-0.007,0.029,0,No PFZ
10/9/2026,21.75,90.6667,31.045,0.0074,0.025,-0.009,0.027,0,No PFZ
10/9/2026,21.75,90.75,31.07,0.0053,0.023,-0.013,0.027,0,No PFZ
10/9/2026,21.75,90.8333,31.079,0.0032,0.024,-0.017,0.029,0,No PFZ
10/9/2026,21.75,90.9167,31.084,0.002,0.026,-0.016,0.031,0,No PFZ
10/9/2026,21.75,91,31.068,0.0024,0.027,-0.013,0.03,0,No PFZ
10/9/2026,21.75,91.0833,31.035,0.0033,0.025,-0.01,0.027,0,No PFZ
10/9/2026,21.75,91.1667,30.996,0.0042,0.018,-0.006,0.019,0,No PFZ
10/9/2026,21.75,91.25,30.972,0.0055,0.017,-0.005,0.018,0,No PFZ
10/9/2026,21.75,91.3333,31.014,0.012,0.031,-0.06,0.068,1,Moderate PFZ
10/9/2026,21.75,91.4167,30.717,0.0198,0.067,-0.171,0.183,1,Moderate PFZ
10/9/2026,21.75,91.5,30.638,0.0225,0.07,-0.179,0.192,2,Strong PFZ
10/9/2026,21.75,91.5833,30.285,0.0175,-0.009,-0.004,0.009,1,Moderate PFZ
10/9/2026,21.75,91.6667,30.308,0.012,-0.045,-0.065,0.079,1,Moderate PFZ
10/9/2026,21.75,91.75,30.461,0.0097,-0.019,-0.346,0.346,2,Strong PFZ
10/9/2026,21.75,91.8333,30.619,0.0112,-0.009,-0.51,0.51,2,Strong PFZ
10/9/2026,21.8333,88,31.401,0.0579,0.012,0.005,0.013,1,Moderate PFZ
10/9/2026,21.8333,88.0833,31.539,0.0146,0.01,-0.001,0.01,1,Moderate PFZ
10/9/2026,21.8333,88.1667,31.7,0.0502,0.01,-0.012,0.016,1,Moderate PFZ
10/9/2026,21.8333,89.9167,31.039,0.0197,0.03,-0.013,0.033,1,Moderate PFZ
10/9/2026,21.8333,90,31.027,0.0199,0.037,-0.023,0.044,1,Moderate PFZ
10/9/2026,21.8333,90.3333,31.081,0.0376,0.03,0.002,0.031,1,Moderate PFZ
10/9/2026,21.8333,90.4167,31.1,0.0198,0.022,0.003,0.022,1,Moderate PFZ
10/9/2026,21.8333,90.5,31.107,0.0131,0.02,-0.002,0.02,1,Moderate PFZ
10/9/2026,21.8333,90.5833,31.14,0.0139,0.022,-0.005,0.022,0,No PFZ
10/9/2026,21.8333,90.6667,31.151,0.0133,0.025,-0.004,0.025,0,No PFZ
10/9/2026,21.8333,90.75,31.13,0.0103,0.027,-0.006,0.027,0,No PFZ
10/9/2026,21.8333,90.8333,31.099,0.0064,0.027,-0.009,0.029,0,No PFZ
10/9/2026,21.8333,90.9167,31.089,0.0043,0.028,-0.011,0.031,0,No PFZ
10/9/2026,21.8333,91,31.056,0.0064,0.03,-0.006,0.03,0,No PFZ
10/9/2026,21.8333,91.0833,31.011,0.0039,0.029,0,0.029,0,No PFZ
10/9/2026,21.8333,91.1667,30.968,0.0028,0.027,0.002,0.027,0,No PFZ
10/9/2026,21.8333,91.25,30.953,0.003,0.026,0.003,0.026,0,No PFZ
10/9/2026,21.8333,91.3333,30.956,0.0062,0.039,-0.078,0.087,0,No PFZ
10/9/2026,21.8333,91.4167,30.896,0.0127,0.042,-0.163,0.168,1,Moderate PFZ
10/9/2026,21.8333,91.5,30.801,0.0189,-0.024,-0.146,0.148,1,Moderate PFZ
10/9/2026,21.8333,91.5833,30.578,0.0208,-0.128,0.127,0.181,1,Moderate PFZ
10/9/2026,21.8333,91.6667,30.535,0.0167,-0.075,-0.047,0.089,2,Strong PFZ
10/9/2026,21.8333,91.75,30.547,0.012,0.023,-0.318,0.319,2,Strong PFZ
10/9/2026,21.8333,91.8333,30.679,0.0173,0.021,-0.493,0.493,2,Strong PFZ
10/9/2026,21.9167,88.0833,31.617,0.0405,0.011,0.01,0.015,1,Moderate PFZ
10/9/2026,21.9167,88.1667,31.806,0.0449,0.011,-0.014,0.018,1,Moderate PFZ
10/9/2026,21.9167,89.9167,31.282,0.0281,0.031,-0.01,0.032,1,Moderate PFZ
10/9/2026,21.9167,90,31.24,0.0289,0.037,-0.003,0.037,1,Moderate PFZ
10/9/2026,21.9167,90.4167,31.259,0.0411,0.012,0.008,0.014,1,Moderate PFZ
10/9/2026,21.9167,90.5,31.278,0.017,0.011,0,0.011,1,Moderate PFZ
10/9/2026,21.9167,90.5833,31.346,0.0116,0.014,-0.005,0.015,1,Moderate PFZ
10/9/2026,21.9167,90.6667,31.364,0.0145,0.019,-0.004,0.019,1,Moderate PFZ
10/9/2026,21.9167,90.75,31.274,0.0139,0.024,-0.002,0.024,0,No PFZ
10/9/2026,21.9167,90.8333,31.171,0.0125,0.028,-0.003,0.028,0,No PFZ
10/9/2026,21.9167,90.9167,31.117,0.0141,0.034,-0.009,0.035,0,No PFZ
10/9/2026,21.9167,91,31.043,0.0095,0.038,0,0.038,0,No PFZ
10/9/2026,21.9167,91.0833,31.002,0.0035,0.037,0.009,0.038,0,No PFZ
10/9/2026,21.9167,91.1667,30.97,0.0071,0.035,0.009,0.036,0,No PFZ
10/9/2026,21.9167,91.25,30.956,0.0058,0.033,0.004,0.033,0,No PFZ
10/9/2026,21.9167,91.3333,30.938,0.0049,0.032,-0.004,0.033,0,No PFZ
10/9/2026,21.9167,91.4167,30.927,0.007,0.038,-0.082,0.091,1,Moderate PFZ
10/9/2026,21.9167,91.5,30.862,0.0112,0.004,-0.152,0.152,1,Moderate PFZ
10/9/2026,21.9167,91.5833,30.809,0.0163,-0.087,-0.128,0.155,1,Moderate PFZ
10/9/2026,21.9167,91.6667,30.671,0.017,-0.039,-0.081,0.09,2,Strong PFZ
10/9/2026,21.9167,91.75,30.599,0.0164,0.059,-0.265,0.271,2,Strong PFZ
10/9/2026,21.9167,91.8333,30.806,0.0241,0.056,-0.434,0.437,2,Strong PFZ
10/9/2026,22,88.0833,31.738,0.057,0.012,0.001,0.012,1,Moderate PFZ
10/9/2026,22,88.1667,31.852,0.0547,0.011,-0.004,0.012,1,Moderate PFZ
10/9/2026,22,89.9167,31.419,0.0379,0.031,-0.007,0.032,1,Moderate PFZ
10/9/2026,22,90,31.393,0.0381,0.036,-0.006,0.037,1,Moderate PFZ
10/9/2026,22,90.4167,31.349,0.053,0.01,0.004,0.011,1,Moderate PFZ
10/9/2026,22,90.5,31.368,0.0411,0.011,0,0.011,1,Moderate PFZ
10/9/2026,22,90.5833,31.457,0.0187,0.011,-0.003,0.012,1,Moderate PFZ
10/9/2026,22,90.6667,31.518,0.0044,0.012,-0.003,0.013,1,Moderate PFZ
10/9/2026,22,90.75,31.413,0.0139,0.015,0,0.015,1,Moderate PFZ
10/9/2026,22,90.8333,31.266,0.0241,0.021,0,0.021,1,Moderate PFZ
10/9/2026,22,90.9167,31.148,0.0221,0.032,-0.003,0.032,1,Moderate PFZ
10/9/2026,22,91.0833,31.192,0.015,0.029,0.017,0.034,0,No PFZ
10/9/2026,22,91.1667,31.125,0.0087,0.028,0.014,0.031,0,No PFZ
10/9/2026,22,91.25,31.043,0.0108,0.032,0.007,0.033,0,No PFZ
10/9/2026,22,91.3333,30.963,0.008,0.03,0,0.03,0,No PFZ
10/9/2026,22,91.4167,30.906,0.0052,0.031,-0.012,0.034,0,No PFZ
10/9/2026,22,91.5,30.873,0.0053,0.035,-0.024,0.042,0,No PFZ
10/9/2026,22,91.5833,30.893,0.0089,0.043,-0.097,0.106,1,Moderate PFZ
10/9/2026,22,91.6667,30.855,0.0129,0.068,-0.114,0.133,1,Moderate PFZ
10/9/2026,22,91.75,30.842,0.0158,0.081,-0.182,0.199,2,Strong PFZ
10/9/2026,22,91.8333,31.051,0.0299,0.072,-0.321,0.329,2,Strong PFZ
10/9/2026,22.0833,90.5833,31.517,0.0457,0.007,0.001,0.007,1,Moderate PFZ
10/9/2026,22.0833,90.6667,31.577,0.0215,0.007,0,0.007,1,Moderate PFZ
10/9/2026,22.0833,90.75,31.465,0.032,0.01,0.004,0.011,1,Moderate PFZ
10/9/2026,22.0833,90.8333,31.366,0.0285,0.013,0.005,0.014,1,Moderate PFZ
10/9/2026,22.0833,91,31.45,0.0168,0.031,-0.013,0.033,1,Moderate PFZ
10/9/2026,22.0833,91.0833,31.485,0.0177,0.029,0,0.029,1,Moderate PFZ
10/9/2026,22.0833,91.1667,31.352,0.0101,0.025,0.009,0.027,1,Moderate PFZ
10/9/2026,22.0833,91.25,31.141,0.0102,0.023,0.01,0.025,0,No PFZ
10/9/2026,22.0833,91.3333,30.989,0.01,0.023,0.004,0.023,0,No PFZ
10/9/2026,22.0833,91.4167,30.92,0.0046,0.024,-0.008,0.025,0,No PFZ
10/9/2026,22.0833,91.5,30.925,0.0025,0.028,-0.023,0.036,0,No PFZ
10/9/2026,22.0833,91.5833,30.935,0.0041,0.035,-0.044,0.056,0,No PFZ
10/9/2026,22.0833,91.6667,30.949,0.0064,0.055,-0.085,0.101,0,No PFZ
10/9/2026,22.0833,91.75,31.047,0.0082,0.068,-0.14,0.155,1,Moderate PFZ
10/9/2026,22.0833,91.8333,31.144,0.0335,0.063,-0.236,0.244,1,Moderate PFZ
10/9/2026,22.1667,90.5833,31.535,0.0554,0.006,0.001,0.006,1,Moderate PFZ
10/9/2026,22.1667,90.6667,31.61,0.0509,0.006,0.003,0.007,1,Moderate PFZ
10/9/2026,22.1667,90.8333,31.382,0.0106,0.006,0.015,0.016,1,Moderate PFZ
10/9/2026,22.1667,91,31.366,0.0044,0.024,-0.028,0.036,0,No PFZ
10/9/2026,22.1667,91.1667,31.315,0.0348,0.015,0.012,0.019,1,Moderate PFZ
10/9/2026,22.1667,91.25,31.112,0.0128,0.009,0.013,0.016,0,No PFZ
10/9/2026,22.1667,91.3333,30.971,0.006,0.011,0.007,0.013,0,No PFZ
10/9/2026,22.1667,91.4167,30.925,0.0032,0.014,-0.006,0.016,0,No PFZ
10/9/2026,22.1667,91.5,30.947,0.0007,0.019,-0.021,0.028,0,No PFZ
10/9/2026,22.1667,91.5833,30.949,0.0013,0.023,-0.036,0.042,0,No PFZ
10/9/2026,22.1667,91.6667,30.96,0.0004,0.026,-0.051,0.057,0,No PFZ
10/9/2026,22.1667,91.75,30.993,0.0161,0.036,-0.089,0.096,1,Moderate PFZ
10/9/2026,22.1667,91.8333,31.018,0.0389,0.045,-0.124,0.131,1,Moderate PFZ
10/9/2026,22.25,90.8333,31.281,0.0295,0.007,0.015,0.017,1,Moderate PFZ
10/9/2026,22.25,91.75,31.007,0.0275,0.024,-0.064,0.069,1,Moderate PFZ
10/9/2026,22.3333,90.8333,30.917,0.0359,0.009,0.016,0.019,1,Moderate PFZ
10/9/2026,22.3333,90.9167,30.968,0.0136,0.009,0.009,0.013,1,Moderate PFZ
10/9/2026,22.3333,91,31.084,0.0295,0.007,-0.004,0.008,1,Moderate PFZ
10/9/2026,22.3333,91.75,31.024,0.032,0.022,-0.05,0.055,1,Moderate PFZ
10/9/2026,22.4167,90.8333,30.737,0.0283,0.009,0.026,0.028,1,Moderate PFZ
10/9/2026,22.4167,90.9167,30.692,0.0154,0.01,0.012,0.015,1,Moderate PFZ
10/9/2026,22.4167,91,30.862,0.0172,0.015,0.018,0.024,1,Moderate PFZ
10/9/2026,22.4167,91.1667,31.078,0.0259,0.004,0.007,0.008,1,Moderate PFZ
10/9/2026,22.4167,91.75,31.032,0.0341,0.023,-0.037,0.044,1,Moderate PFZ
10/9/2026,22.5,90.8333,30.619,0.0215,0.019,0.026,0.032,1,Moderate PFZ
10/9/2026,22.5,90.9167,30.652,0.0091,0.02,0.012,0.024,1,Moderate PFZ
10/9/2026,22.5,91,30.704,0.0069,0.03,0.017,0.034,1,Moderate PFZ
10/9/2026,22.5,91.1667,30.921,0.0152,0.021,0.001,0.021,1,Moderate PFZ
10/9/2026,22.5,91.25,30.858,0.0111,0.011,0.016,0.019,1,Moderate PFZ
10/9/2026,22.5,91.6667,31.022,0.0205,0.025,-0.025,0.036,1,Moderate PFZ
10/9/2026,22.5,91.75,31.046,0.0392,0.025,-0.026,0.037,1,Moderate PFZ
10/9/2026,22.5833,90.8333,30.639,0.0157,0.017,0.026,0.031,1,Moderate PFZ
10/9/2026,22.5833,90.9167,30.663,0.0096,0.017,0.02,0.027,1,Moderate PFZ
10/9/2026,22.5833,91,30.679,0.0134,0.03,0.013,0.033,1,Moderate PFZ
10/9/2026,22.5833,91.0833,30.976,0.0119,0.045,0.009,0.046,1,Moderate PFZ
10/9/2026,22.5833,91.1667,30.796,0.0103,0.034,0.015,0.037,1,Moderate PFZ
10/9/2026,22.5833,91.25,30.628,0.0133,0.017,0.023,0.029,1,Moderate PFZ
10/9/2026,22.5833,91.3333,30.64,0.0138,0.011,0.023,0.025,1,Moderate PFZ
10/9/2026,22.5833,91.4167,30.809,0.0164,0.006,0.007,0.009,1,Moderate PFZ
10/9/2026,22.5833,91.5,30.871,0.0187,0.004,-0.016,0.017,1,Moderate PFZ
10/9/2026,22.5833,91.5833,30.907,0.0236,0.01,-0.023,0.025,1,Moderate PFZ
10/9/2026,22.5833,91.6667,31.007,0.0368,0.018,-0.028,0.034,1,Moderate PFZ
10/9/2026,22.6667,90.75,30.752,0.0167,0.011,0.026,0.028,1,Moderate PFZ
10/9/2026,22.6667,90.8333,30.705,0.0147,0.012,0.026,0.029,1,Moderate PFZ
10/9/2026,22.6667,90.9167,30.701,0.0204,0.018,0.026,0.032,1,Moderate PFZ
10/9/2026,22.6667,91.1667,31.005,0.0252,0.015,0.019,0.024,1,Moderate PFZ
10/9/2026,22.6667,91.25,30.652,0.0198,0.012,0.023,0.026,1,Moderate PFZ
10/9/2026,22.6667,91.3333,30.616,0.0149,0.007,0.026,0.027,1,Moderate PFZ
10/9/2026,22.6667,91.4167,30.631,0.018,-0.001,-0.004,0.004,1,Moderate PFZ
10/9/2026,22.6667,91.5,30.629,0.0264,-0.002,-0.006,0.006,1,Moderate PFZ
10/9/2026,22.6667,91.5833,30.699,0.0324,0.002,-0.016,0.016,1,Moderate PFZ
10/9/2026,22.75,91.3333,30.604,0.0199,0.024,0.013,0.028,1,Moderate PFZ
10/9/2026,22.75,91.4167,30.625,0.0211,0.016,0.008,0.018,1,Moderate PFZ
