lat,lon,pfz_prob
21.25,90.0,0.9210978451960713
21.25,90.33334,0.8944907477790331
21.25,90.08334,0.8892041974110074
21.25,90.25,0.8879866466895294
21.25,90.16669,0.8863089733768941
21.666672,91.5,0.8711769480699674
21.75,91.5,0.8700029201014023
21.666672,91.83334,0.8688905590970573
21.75,91.83334,0.8596843685284317
21.833336,91.83334,0.8509294015832082
21.166672,90.33334,0.8363041477592548
21.583336,91.5,0.8360025463133105
21.916672,91.83334,0.829644680902448
21.833336,91.75,0.8242560990115363
21.166672,90.25,0.8054955327951243
21.666672,91.75,0.7966547946476128
21.25,90.41669,0.7890316591830469
21.916672,91.75,0.784307876805642
21.75,91.75,0.7581134572147259
22.0,91.83334,0.7537930488019381
21.25,89.91669,0.7499042839746624
21.583336,91.83334,0.724319176068352
21.333336,89.91669,0.7015787753354019
21.75,91.41669,0.6984486320110108
21.666672,91.41669,0.6907878773845338
21.583336,91.75,0.6860089722004261
21.5,91.41669,0.6727542531936131
21.333336,90.16669,0.6612963418520499
22.0,91.75,0.6601121293599684
21.333336,90.0,0.6580572765606296
21.333336,90.33334,0.6519519381267791
21.333336,90.25,0.6457839920954365
21.083336,90.16669,0.6303356367859454
22.083336,91.83334,0.6104920500976999
21.833336,91.5,0.6057519772421328
21.333336,91.16669,0.5891622842365202
21.083336,90.25,0.5794912924014577
21.583336,91.41669,0.5614641207213591
21.5,91.91669,0.5526775199186948
21.333336,90.41669,0.5335466640609361
21.416672,92.0,0.5330103167523127
21.166672,90.41669,0.5295930484322628
21.416672,91.16669,0.5214306054433163
21.333336,90.08334,0.5146470564830056
21.25,90.91669,0.5138300833081306
21.0,89.83334,0.4951460720715778
21.5,91.83334,0.4931042706372787
21.833336,91.41669,0.4906111954995951
21.416672,91.91669,0.4878503788190619
21.0,89.91669,0.4822299127344116
21.0,89.66669,0.4727396279888745
21.416672,89.75,0.4710351175288992
21.416672,91.83334,0.4681202286747069
21.416672,89.83334,0.46357818451389976
21.083336,90.33334,0.4580792374087348
21.083336,89.75,0.45641507002774195
21.833336,91.58334,0.4534024797488805
21.5,89.66669,0.4520033461490801
21.166672,90.91669,0.4516780179990253
21.166672,90.83334,0.4510225007370508
21.166672,89.16669,0.44879087511579585
21.416672,91.75,0.4457820872826168
21.333336,89.08334,0.444858367846159
21.333336,90.91669,0.4353597459626772
21.166672,89.75,0.43371024451072593
21.083336,89.08334,0.43359838375354326
21.083336,90.41669,0.4323752677316163
21.416672,91.25,0.43085761677344264
20.833336,89.83334,0.4302336158810023
21.083336,89.0,0.42897368720951035
21.083336,90.83334,0.4272452947227256
21.0,89.25,0.42682041244663965
21.416672,89.5,0.42656366905767396
21.166672,89.5,0.42609447699192066
21.166672,89.08334,0.4224638768824327
21.166672,89.25,0.42222804092266514
21.083336,89.5,0.4220517254744651
21.25,89.08334,0.416890038555291
21.083336,89.41669,0.4166761778797797
21.0,89.58334,0.41203853475515206
21.5,89.58334,0.4104644758172767
21.0,89.41669,0.4098336389878968
20.916672,89.5,0.4096600505406087
22.083336,91.75,0.40905218579254754
21.166672,89.66669,0.40840268240421107
21.083336,89.25,0.40824138118065456
21.416672,91.41669,0.4056482450232915
21.333336,91.25,0.4054089927454389
20.916672,89.91669,0.4044681375257886
21.166672,89.58334,0.4042317961375743
21.083336,90.5,0.40414989401198803
21.083336,89.66669,0.4034169685425875
21.166672,89.0,0.4029396863738695
21.333336,89.83334,0.4013047565805011
20.916672,89.75,0.3985566370163175
20.916672,89.83334,0.3974406762276474
20.916672,89.58334,0.3973246777043279
21.5,91.75,0.39712452655221675
20.916672,89.41669,0.3964278346069639
20.916672,90.0,0.39638498721544757
21.416672,89.08334,0.3959384023591226
21.5,89.08334,0.3953474506944047
21.416672,89.0,0.3946293499138453
21.083336,89.16669,0.3944055268488571
20.916672,89.16669,0.39410462082051717
21.0,89.16669,0.3939265700025319
21.25,89.16669,0.39386858626370336
20.916672,89.66669,0.3931644018182132
20.916672,89.08334,0.3922835707398746
21.166672,92.08334,0.3914732235505556
20.833336,89.75,0.38940651478529653
20.666672,89.75,0.38855740689634144
20.833336,89.0,0.38747751001331027
21.416672,89.66669,0.38679416790838017
21.25,90.83334,0.38654149755627865
20.916672,89.25,0.3840742275778066
21.0,89.75,0.3825685523888946
20.916672,89.0,0.38165402324088643
20.833336,89.5,0.38109336755415674
20.75,89.75,0.3803808226300395
20.833336,89.16669,0.37907916555228793
20.666672,89.0,0.3786364244093156
21.083336,90.58334,0.3785628993942642
20.833336,89.08334,0.37791354496323176
21.333336,89.0,0.37693213698950206
20.833336,89.66669,0.3764384023813838
21.5,90.16669,0.3763187941505854
21.0,90.08334,0.37545614007314937
20.833336,89.58334,0.374531749803193
21.083336,90.91669,0.3744070775340012
21.25,89.66669,0.37271515282549217
21.5,91.16669,0.37260522607252283
21.0,89.5,0.3719982455796609
21.0,89.08334,0.3719473372024215
20.75,89.08334,0.37132674806956684
21.333336,92.0,0.3693677438712516
21.0,90.0,0.3671642673225
21.25,89.25,0.36707400868348194
20.916672,92.16669,0.3664617201532543
21.166672,90.5,0.36355897326484315
21.333336,89.41669,0.3620227551026763
21.0,92.08334,0.3613576044340854
21.5,89.75,0.36065937308428386
20.833336,89.91669,0.36055476708095585
21.5,91.66669,0.3601737073247333
21.083336,92.08334,0.3601557746517313
20.833336,92.16669,0.35615261639685997
21.0,92.16669,0.3508068806440413
21.083336,91.0,0.3506011413279164
20.833336,90.0,0.3504351937237242
20.916672,92.08334,0.3497231438006505
21.5,91.5,0.348022474712859
20.916672,90.08334,0.34781765653767494
21.166672,92.0,0.34612274027605083
21.416672,89.16669,0.345981930456077
21.416672,91.0,0.3423804499567847
21.083336,92.0,0.34217287744290287
21.916672,91.5,0.33922204992395033
20.833336,92.08334,0.33766477766542896
21.416672,90.91669,0.3371937253372751
21.166672,91.0,0.3358372852509269
21.333336,91.91669,0.33492047966907157
20.75,89.66669,0.33269469716576
21.333336,91.83334,0.3323570647439349
21.0,90.83334,0.331174054032588
20.833336,89.41669,0.33037592656813103
20.916672,90.83334,0.3302851534031984
21.583336,91.58334,0.33023474342791287
21.5,91.25,0.3271846276303985
20.5,89.25,0.3269153445842708
21.083336,91.66669,0.32514715636650626
21.333336,89.5,0.32119483860924497
21.25,91.91669,0.3198577241139752
20.666672,92.16669,0.31672520533700943
21.25,91.16669,0.3158648666481652
21.583336,89.08334,0.31469187824270106
21.333336,91.41669,0.31305731773180867
20.833336,90.75,0.3126818652115674
21.416672,91.5,0.312321999595777
20.833336,89.25,0.3107083106187195
21.25,91.83334,0.31001582614818246
20.666672,89.25,0.3098206328841211
20.916672,92.0,0.3096397465403707
20.75,89.58334,0.309322604328888
21.333336,91.75,0.3092971980904169
21.25,92.0,0.30896802550584185
21.25,90.5,0.3082706852639091
20.916672,90.75,0.3081569387870443
21.0,90.91669,0.30806925988798245
20.666672,89.08334,0.3073413628017906
20.833336,92.0,0.30731718781540573
20.75,92.16669,0.3057922842043804
21.0,91.08334,0.30369345584009216
20.75,89.5,0.3026201109040906
21.083336,89.58334,0.30224525505182787
21.166672,91.91669,0.3019160571084942
20.75,89.41669,0.3017329676196758
20.75,89.83334,0.30171694813829886
20.583336,89.0,0.3015185607252177
20.916672,90.91669,0.29994328773108453
21.166672,91.75,0.2989439753546166
21.333336,91.5,0.29621618025418256
20.666672,89.16669,0.2959271576118409
20.916672,91.0,0.2945654057837929
20.583336,89.16669,0.29215871411099564
21.25,89.0,0.2920781277316687
20.75,89.25,0.291513013947734
21.0,91.0,0.2912573010512436
20.583336,89.08334,0.2907174065257954
21.083336,91.16669,0.2902399717640039
21.166672,91.83334,0.2890044903996812
21.166672,91.25,0.2867872291665524
20.666672,89.41669,0.2845807705094288
20.5,89.08334,0.28425405712975227
21.0,92.0,0.28294907195216773
21.083336,91.91669,0.2786539483810227
21.583336,91.66669,0.27769526985059934
21.083336,91.75,0.276038567665856
20.666672,89.66669,0.2755731352265545
21.5,89.0,0.275525856222995
21.416672,89.58334,0.27539277377791166
21.083336,91.83334,0.2750874234210804
21.25,91.25,0.2740517654416576
21.166672,91.16669,0.27393937248896616
20.666672,89.58334,0.2736898269494323
21.166672,89.83334,0.27266352149789047
20.833336,90.08334,0.27005312805665527
21.333336,89.16669,0.2699377933731438
21.25,91.33334,0.26784446894777925
21.166672,91.58334,0.2624724234442307
20.833336,91.91669,0.2612483902143005
22.0,91.66669,0.26100952536084593
21.25,91.75,0.26083447632615064
21.083336,89.91669,0.2598166091082264
20.916672,91.91669,0.2590296005197573
21.25,91.41669,0.25896758248624063
21.0,91.91669,0.2584991986631669
21.166672,90.16669,0.2558005548839356
21.0,91.83334,0.2547500098725548
20.75,89.16669,0.25434875065888324
20.583336,89.25,0.2528320645223094
20.916672,91.83334,0.25279068294688006
21.333336,89.66669,0.24830007382586264
20.583336,92.16669,0.24488805204995323
20.75,92.08334,0.24447307739560273
20.416672,92.0,0.2439858054871492
20.666672,89.5,0.24128043624651796
20.833336,90.83334,0.23665737855129504
20.75,91.91669,0.23572945462159833
20.5,89.16669,0.23521797335497618
20.666672,89.83334,0.2332953950858428
21.416672,91.66669,0.23302704035855146
20.666672,92.0,0.2305854851819109
20.416672,89.25,0.22172174696482908
21.166672,91.33334,0.21869454860882911
21.25,89.75,0.21562612832765357
21.5,89.83334,0.21395825801817253
20.5,92.08334,0.21283109276179055
21.166672,90.08334,0.20940782414517134
21.666672,91.58334,0.20805618175851917
21.0,90.75,0.20688972720855434
21.333336,90.83334,0.20639023933923106
21.166672,91.66669,0.2055899237627899
22.166672,91.83334,0.20393991915485776
20.416672,89.0,0.1945947284284669
21.416672,90.83334,0.19349172149745553
21.5,90.0,0.1915268471195744
21.416672,90.16669,0.1914691165132067
21.333336,89.58334,0.18890864503997426
21.083336,90.0,0.18571632629691073
21.25,89.58334,0.18533813364063828
20.416672,89.16669,0.18118820878758254
21.583336,90.16669,0.18062453864748237
21.0,90.16669,0.17965125816887426
20.833336,91.83334,0.17939729723010306
20.333336,89.16669,0.17614213356172748
21.166672,90.0,0.17268823953549947
21.666672,89.08334,0.17143280049640086
21.083336,90.08334,0.1701962720251548
20.583336,92.08334,0.16647676655611388
20.5,92.0,0.16471204111312035
21.5,89.91669,0.16432997892795811
20.666672,92.08334,0.16348445222950353
20.416672,89.08334,0.16230934823173648
21.583336,90.08334,0.1612304499700486
21.0,91.75,0.16086214390518808
20.916672,91.66669,0.15927299307840329
21.5,89.16669,0.15780461236697285
20.833336,90.66669,0.1523780854326686
21.0,91.66669,0.14994676636048024
21.5,89.25,0.14472915888159663
21.083336,91.58334,0.1443442095339879
21.416672,89.25,0.13698798747502208
21.083336,89.83334,0.13642830807258582
21.416672,89.91669,0.13632588801347933
20.916672,90.16669,0.1350610618296293
21.583336,90.0,0.1344705546677812
20.916672,90.58334,0.13145288417609882
20.666672,91.91669,0.12977340474424567
21.166672,91.41669,0.12960036593977964
21.25,91.5,0.12773129047579876
21.166672,90.58334,0.12626285072363297
20.916672,91.75,0.12279101755012821
21.25,89.41669,0.12272140439469932
20.333336,89.08334,0.12221152531175536
20.583336,92.0,0.11739229779139194
20.833336,90.91669,0.11533415871478553
20.75,91.83334,0.11472806066585768
22.166672,91.75,0.11451869995403899
21.083336,91.08334,0.10987462866849586
20.916672,91.08334,0.10980289555485843
21.166672,91.5,0.10979507806801508
20.833336,91.75,0.10851059935702567
21.083336,91.33334,0.1073156089873743
21.083336,91.25,0.10691415646261371
21.0,91.16669,0.10572378386614835
20.583336,89.75,0.10480501420776493
20.583336,91.91669,0.10406404691938843
21.916672,91.58334,0.10305022355308474
20.666672,91.83334,0.10069254366698331
20.75,91.75,0.09892316473353606
20.666672,91.75,0.09865189178640704
20.833336,91.66669,0.09798832378574675
22.083336,91.66669,0.09697976047945908
20.833336,91.58334,0.09675197115166971
20.416672,91.91669,0.09524409303155003
21.5,91.58334,0.09367093988995241
20.583336,91.83334,0.09259985013826565
21.666672,89.16669,0.09232644066842133
20.5,91.91669,0.09204203038899374
21.25,91.58334,0.08940990910650677
21.416672,89.41669,0.08787786228870748
20.583336,91.75,0.08708719273364493
21.083336,90.75,0.08670145502412836
21.25,91.0,0.08549765339929895
21.083336,91.5,0.08526651790592212
20.333336,91.83334,0.08521140229535518
21.0,90.58334,0.08324709336140591
21.583336,89.83334,0.08198767958925839
20.833336,91.0,0.07915847873576044
20.416672,91.58334,0.07811391153125082
21.0,91.41669,0.0751695337207266
20.5,91.83334,0.07269673402331017
21.416672,91.33334,0.07206425245375923
20.833336,90.58334,0.07045558813844552
20.75,91.66669,0.06773401397068084
20.75,90.91669,0.06641930203447176
20.416672,92.08334,0.06537578862292803
20.833336,91.16669,0.06493185043689476
21.166672,90.75,0.06431919169352548
21.166672,89.41669,0.06206864833993244
20.916672,91.16669,0.06059153153926566
21.333336,89.25,0.06035872657576217
20.666672,91.66669,0.059863301732202966
20.583336,91.58334,0.05982898221547929
20.916672,91.58334,0.05963574809182457
20.833336,91.08334,0.05925493787242938
20.666672,90.75,0.05899112468701227
20.916672,90.5,0.057333144085696966
20.75,90.75,0.057223793421946036
20.416672,91.83334,0.05705063594092006
21.333336,91.33334,0.05658045974665186
20.583336,91.66669,0.05586907706758596
20.75,90.66669,0.055814368464324894
20.5,91.66669,0.05568057121599791
20.416672,91.66669,0.055663291720290935
20.75,90.83334,0.0535715320143886
21.0,91.58334,0.05315099651574699
20.5,91.75,0.053110174482103416
21.583336,89.0,0.05287718055299264
20.666672,91.58334,0.05276392589559826
21.0,91.33334,0.05268059565414749
20.416672,91.75,0.052674817998723054
20.75,90.58334,0.05054477481118106
20.5,91.58334,0.049226399010417816
20.5,91.5,0.04879078328999626
20.333336,91.66669,0.048407090650250506
20.583336,91.5,0.048223996092530474
21.333336,89.75,0.047203288681915055
21.333336,91.08334,0.04489505764271251
21.333336,90.5,0.0443146033740037
20.666672,91.5,0.044191251391890805
21.25,90.75,0.043687140410211746
20.333336,92.08334,0.04318221658992256
21.0,90.5,0.04277548950090873
20.333336,89.25,0.04235700569628723
21.0,91.25,0.04127281060548123
22.0,91.58334,0.04008004331396774
20.333336,91.58334,0.039412947400174085
21.75,90.0,0.03935159119384059
20.583336,91.41669,0.039205969872161864
20.666672,91.41669,0.038765592058008266
20.333336,91.75,0.03866439986846742
20.833336,91.25,0.03804184089201455
20.333336,91.41669,0.03800370839482454
20.5,91.41669,0.0368575221331961
20.583336,91.25,0.03649180569375583
20.583336,91.33334,0.03640747683679963
21.5,89.5,0.03628266526902371
20.833336,91.33334,0.03595390065077929
20.666672,90.83334,0.035682984685875566
20.916672,91.25,0.03559029535558326
20.416672,91.5,0.035512976016734206
20.5,92.16669,0.03515968975300875
20.583336,91.08334,0.03504762033613337
21.916672,91.41669,0.03473901980793603
20.416672,91.08334,0.034365724681284036
21.583336,89.41669,0.03434511660851771
20.75,91.08334,0.03426552924796154
20.416672,91.41669,0.03421926503497417
20.916672,91.41669,0.03420831515866159
20.666672,90.91669,0.033187294061183516
20.833336,91.5,0.0329282435150107
20.916672,91.33334,0.03273849773338429
20.666672,90.66669,0.032716764746082136
20.5,91.33334,0.03264471819768431
21.583336,89.58334,0.0323036637837801
21.833336,90.0,0.032037113286483655
20.416672,92.16669,0.031997104854372654
21.5,90.25,0.03198469294769077
20.833336,91.41669,0.031799342181115776
21.583336,89.66669,0.03171326739186271
21.666672,90.08334,0.031524047890512184
20.5,91.08334,0.03147818238450762
21.666672,90.16669,0.03136245437234471
20.416672,91.33334,0.031327500471622215
20.75,91.41669,0.031219233191453612
21.583336,89.5,0.03110475680224425
20.666672,91.33334,0.030876910303418287
21.5,89.41669,0.030566850743750342
20.333336,92.16669,0.030519758571439373
21.75,90.16669,0.03023375268553475
21.333336,91.66669,0.03012080834569885
20.416672,91.25,0.03010300208323918
20.5,91.16669,0.030034213482564114
21.75,90.08334,0.029977500453626394
21.5,90.33334,0.029659011154870674
21.0,90.41669,0.029553547440498887
20.666672,91.0,0.02929927174101646
20.583336,90.58334,0.029045272225319937
20.333336,90.66669,0.02893297812702567
20.333336,91.33334,0.02869059931371984
20.666672,91.08334,0.028573426503448164
20.5,90.66669,0.028389788119239527
20.75,91.16669,0.028330570793034675
21.416672,90.25,0.028253816030097505
20.916672,91.5,0.028251001025270665
20.583336,90.75,0.028198693682469547
20.583336,90.83334,0.028198475134313113
20.666672,91.25,0.02814055981656122
20.833336,90.5,0.027850328569979765
21.333336,91.0,0.027849513904911114
20.583336,91.16669,0.027826177090439837
20.583336,90.66669,0.027757393261701287
21.666672,91.66669,0.027704725408750235
20.583336,90.5,0.027320643365382712
20.416672,91.16669,0.027152730733022868
20.416672,90.58334,0.027055287987188842
20.583336,91.0,0.02691934520000346
20.333336,91.91669,0.026814967757676784
20.583336,90.41669,0.026793687113929748
20.416672,90.5,0.026706201314223292
21.666672,89.41669,0.02633211421596301
20.416672,91.0,0.026125352183723884
21.416672,90.08334,0.026058955331372015
21.416672,90.75,0.025881531560647316
21.5,91.33334,0.025862211063148205
21.583336,89.75,0.02572877566108611
20.333336,91.16669,0.02567097499362577
21.666672,89.25,0.025325524360982957
21.25,91.66669,0.025323479428673412
20.5,90.83334,0.025202310098210383
21.75,90.25,0.025028105038755556
21.666672,90.0,0.025025281673468937
21.583336,89.25,0.02450556687837907
21.416672,90.0,0.024476299121617157
21.666672,89.5,0.024390735716753018
21.583336,90.25,0.024386369905909318
21.083336,90.66669,0.02436708357962248
20.416672,90.66669,0.024364304336775614
20.333336,90.58334,0.02425738494367619
20.916672,90.66669,0.02421891874916376
20.5,90.41669,0.02420532948062391
21.416672,91.08334,0.02418844966190184
21.666672,90.25,0.02403338318201136
21.25,89.5,0.023981465889100557
21.583336,89.16669,0.023750640124174993
20.583336,89.41669,0.023238371379112464
21.5,90.08334,0.023226832766754326
20.333336,90.83334,0.023140231822350452
20.333336,91.08334,0.022995271617004664
20.75,91.25,0.02287220026439978
20.75,91.33334,0.02277253621008965
20.5,90.58334,0.022549237152524094
20.666672,90.58334,0.022440091584755684
20.916672,90.41669,0.022439858640226608
20.583336,90.91669,0.022155359431840656
20.416672,90.75,0.02202655344174892
21.25,89.83334,0.02188164409905795
21.0,90.66669,0.02178240690234268
20.5,90.91669,0.021759787109541066
21.75,90.33334,0.02167869243902537
20.833336,90.41669,0.021536598362479044
20.666672,90.5,0.021316840885749675
21.0,90.33334,0.021293380722855953
21.416672,90.33334,0.02108571558695177
20.333336,92.0,0.02089963485598115
21.583336,89.91669,0.020870706947455818
21.166672,90.66669,0.020582608867539796
20.833336,90.33334,0.020408018256593993
20.916672,90.33334,0.02040479241634402
20.333336,90.91669,0.020402573249130872
20.666672,90.41669,0.020401616407018923
21.25,91.08334,0.02037413520580663
20.5,89.58334,0.02035142970691257
21.416672,90.41669,0.020351422102593063
20.416672,90.41669,0.020263176153805153
21.583336,91.16669,0.01956304781344441
20.416672,90.91669,0.01931524131596911
20.583336,89.58334,0.01929754394042343
20.75,90.41669,0.019049768954255468
20.416672,89.75,0.018974865821994803
20.333336,89.41669,0.018930517134996702
20.666672,90.33334,0.01892275852330735
20.833336,90.25,0.01878645591332249
20.583336,89.66669,0.01871695648589867
20.75,91.0,0.01856977589394177
21.916672,90.0,0.01838083052788405
21.25,90.58334,0.01830375516042382
21.166672,89.91669,0.01799213665231002
22.0,90.0,0.01798923605951356
21.666672,89.75,0.017853713854306064
20.75,91.5,0.017380495947169332
21.5,91.08334,0.017363196793451777
20.583336,90.33334,0.01735262698380725
20.416672,90.83334,0.017228905416692104
21.5,91.0,0.01717841562325699
20.5,91.25,0.01704976347906611
20.833336,90.16669,0.017032875114710935
21.166672,91.08334,0.01692389739408627
21.666672,90.33334,0.016858397065183266
21.75,89.75,0.01677794821691749
20.5,91.0,0.0166282705879276
20.583336,90.0,0.01645614484168143
21.25,90.66669,0.016359145994267927
21.75,89.91669,0.01586444098605023
21.333336,90.75,0.015743813695710058
20.666672,89.91669,0.015673624157292624
20.75,90.33334,0.015470758192572959
21.833336,90.33334,0.015342105197290415
21.666672,89.58334,0.015173079842796741
21.333336,91.58334,0.01482705816862517
21.583336,90.33334,0.01480564254856894
21.0,91.5,0.01469310327363194
20.75,90.08334,0.014323290973167499
20.416672,89.83334,0.014249371262648719
21.333336,90.58334,0.014140261616517965
20.916672,90.25,0.014136425783676899
21.666672,89.91669,0.014072816395734747
21.666672,89.66669,0.014072799138910267
20.5,89.83334,0.014003816896235446
21.666672,89.83334,0.013938716570897456
21.416672,91.58334,0.013877174854882258
20.666672,90.0,0.013723581774086018
20.75,90.5,0.013648389537962945
20.333336,90.75,0.013435276433582574
20.5,89.66669,0.01340087442935534
20.75,89.91669,0.01338601056522277
20.333336,89.58334,0.01330022978273742
20.333336,89.83334,0.013231016296097657
20.333336,91.25,0.013220925657845484
20.416672,90.16669,0.013111740034551293
21.833336,89.91669,0.012854344971393254
20.5,90.75,0.012819344875782368
21.833336,91.33334,0.012791105955591258
20.75,90.0,0.012665742926740726
21.75,91.58334,0.012469559090221299
20.666672,90.25,0.012408201396988316
20.583336,90.08334,0.01226943063824991
20.666672,90.08334,0.012251494481446249
20.5,90.08334,0.012086030478778457
20.333336,91.0,0.011386995537456158
21.75,90.41669,0.011351871907933265
20.75,90.16669,0.011302755515503488
20.5,90.25,0.011261064683656546
20.583336,89.83334,0.011154187040993918
20.5,90.16669,0.011106740762075233
21.916672,89.91669,0.010986018888809786
21.333336,90.66669,0.010956644418505607
22.166672,91.66669,0.010945462304120404
21.75,89.83334,0.010918504101475577
20.416672,90.08334,0.01082907101874657
20.5,89.91669,0.010814129422312423
20.416672,89.58334,0.010489320266422662
20.416672,89.41669,0.010376403069185788
20.5,89.41669,0.010370328501501339
20.333336,90.41669,0.010306900729905494
21.75,91.66669,0.010215734207467141
20.583336,89.5,0.009932625621112091
20.416672,89.91669,0.009824612414365627
20.333336,90.16669,0.009807588480102372
20.583336,90.25,0.00978012715352941
20.583336,89.91669,0.009739498403599632
20.416672,90.33334,0.009382778277839022
20.5,90.33334,0.009382778277839022
21.416672,90.5,0.009338714791636865
20.333336,89.5,0.009330003172999495
20.416672,90.25,0.009281173195331147
20.416672,89.66669,0.009212544753447136
20.5,90.5,0.009174557620494935
20.666672,90.16669,0.009134768823567898
20.416672,89.5,0.008962018086238204
22.25,91.41669,0.008662280344995934
22.25,91.75,0.008508682555353633
20.75,89.0,0.008486015629209542
20.666672,91.16669,0.008443991597071421
22.0,89.91669,0.008379361870724392
21.916672,91.66669,0.008289565521759936
20.583336,90.16669,0.008074795649848024
20.75,91.58334,0.008040309511466759
21.5,90.41669,0.007104117306010421
20.333336,89.91669,0.006696740565958627
21.5,90.5,0.006323234697286499
22.166672,91.41669,0.0061622803449959355
20.333336,90.33334,0.006135362484447596
20.75,90.25,0.006051890088374997
21.583336,91.33334,0.006048955694822479
21.0,89.0,0.005992928465703
21.0,90.25,0.005884234215696115
21.75,91.33334,0.005814780254701809
21.666672,90.41669,0.0057342601195840255
20.5,89.5,0.005552269634014905
21.083336,91.41669,0.005443705164559062
21.833336,90.75,0.005332306907066802
21.833336,90.83334,0.005312558297275386
20.416672,90.0,0.0052872003910176164
21.833336,91.66669,0.0052131666732759116
21.666672,90.75,0.005188758613223848
21.666672,90.83334,0.005180776926375461
21.75,90.83334,0.005162490652617958
21.583336,91.25,0.004666535866379908
21.916672,91.0,0.0045627373167578
21.916672,91.08334,0.004535811378964184
21.833336,90.41669,0.00447591974556032
20.5,90.0,0.004420421559676986
21.666672,91.33334,0.004302618632075109
20.5,89.75,0.004195488281267107
21.916672,90.91669,0.0041713688746566275
21.583336,90.41669,0.004121459694581874
20.333336,90.08334,0.0040242646176465845
22.0,90.91669,0.003958803049654429
21.916672,91.16669,0.003913621335968174
21.833336,91.16669,0.003913621335968174
21.833336,90.91669,0.0037874884224155638
21.833336,91.08334,0.0037874884224155638
21.833336,91.0,0.0037874884224155638
21.916672,91.25,0.0037788404454008394
22.166672,91.5,0.003700707909090097
22.25,91.58334,0.003700707909090097
22.166672,91.0,0.0036961965252123243
22.166672,90.83334,0.0036961965252123243
22.25,91.66669,0.003679118897760603
21.916672,90.83334,0.0036728765314202596
22.0,91.16669,0.0035233024364436216
22.083336,91.25,0.0035233024364436216
22.25,90.91669,0.0035233024364436216
22.083336,91.16669,0.0035233024364436216
22.166672,91.16669,0.003522808886762832
22.083336,90.83334,0.003522808886762832
22.166672,91.33334,0.003522808886762832
22.0,90.83334,0.003522808886762832
22.083336,91.08334,0.003522808886762832
22.083336,90.75,0.003522808886762832
22.25,91.33334,0.003522808886762832
22.166672,91.25,0.003522808886762832
22.083336,91.58334,0.003257002288236108
22.0,90.5,0.0031843415812352256
21.416672,90.58334,0.0029050242864559653
22.166672,91.58334,0.002840389674945223
21.833336,90.66669,0.0028125582972753855
21.5,90.58334,0.002788282643476391
21.583336,91.08334,0.0027525543599764687
21.583336,90.5,0.0027417325236973994
21.5,90.91669,0.0026942754718897125
21.666672,90.66669,0.0026918227301491312
20.333336,89.66669,0.002605184489327331
22.0,91.5,0.0025662637051391875
22.25,91.0,0.0024526583523379066
22.0,90.75,0.0024521579791706677
21.416672,90.66669,0.002191095449083622
22.083336,91.41669,0.0021345592582585854
22.083336,91.5,0.0021345592582585854
21.666672,90.5,0.0019163655192809036
20.333336,89.75,0.0018822951253827924
22.0,91.08334,0.0018601766017406968
21.75,91.25,0.0017978134125465348
21.5,90.75,0.0016085791686776
20.75,92.0,0.0016029764519146059
22.25,90.83334,0.0015923401181930322
21.833336,90.5,0.00157214550831169
22.0,91.41669,0.0015207596661842367
20.333336,90.0,0.0014195194291228873
21.666672,91.16669,0.0014105106843461976
22.0,90.41669,0.001399392075443199
22.0,91.25,0.0013752703651438872
21.833336,91.25,0.001298524827295207
22.25,91.25,0.001268814098406799
21.583336,91.0,0.0011966657236393565
21.583336,90.58334,0.0011430312535118407
21.5,90.66669,0.0011156250492208202
22.166672,90.66669,0.0010317085924256395
22.0,91.33334,0.0010233024364436215
22.083336,91.33334,0.0010233024364436215
22.083336,90.66669,0.0010228088867628323
21.916672,90.75,0.0010228088867628323
21.666672,91.25,0.0009892320593550528
20.5,89.0,0.0009160636355803925
21.5,90.83334,0.0009069245585282466
21.666672,91.08334,0.0008487131104420811
21.916672,90.5,0.0007941301250252731
21.75,90.58334,0.0006393755433909613
21.666672,90.58334,0.000604117097741413
21.916672,91.33334,0.0005715893755808031
22.25,91.5,0.0005434455663378333
21.75,91.08334,0.0004271701882706895
21.75,90.66669,0.00041249589342826944
21.666672,91.0,0.0003505931808243048
21.666672,90.91669,0.00033084457103288846
21.75,91.16669,0.0003278679788143522
21.75,90.91669,0.0003125582972753852
21.583336,90.66669,0.00022112958161088538
21.583336,90.91669,0.00020933607972495522
21.583336,90.75,0.00018875861322384816
21.833336,90.58334,0.0001832707256966424
22.166672,90.58334,0.00018127047605625033
21.916672,90.58334,0.00018077692637546105
22.083336,90.58334,0.00018077692637546105
22.0,90.58334,0.00018077692637546105
21.583336,90.83334,0.00018077692637546105
20.333336,89.0,0.00017919896590130747
21.916672,90.41669,0.00017355672497533901
22.0,90.66669,0.00016249065261795777
21.916672,90.66669,0.00016249065261795777
20.333336,90.25,0.00013546701081787102
20.333336,91.5,4.5544394600353955e-05
20.333336,90.5,4.4449101145376004e-05
21.75,90.5,1.3046061375211266e-05
21.75,90.75,1.0910164784935321e-05
21.75,91.0,1.0910164784935321e-05
22.083336,91.0,6.523119832380697e-06
